CrewID,Name,Role,ShipID,DateJoined,HomePlanet
f037bb15-a113-4eb4-9eea-32f30683a471,Taylor Smith,Captain,5a6c6ed1-2c4c-4eaf-bfc8-6f01f5e9469f,2020-09-22,Neptune
44f748f0-28e7-4111-923e-e355b7833309,Brittney Castillo,Scientist,315b4fdc-2aaa-443a-afb9-4a2c91812afd,2020-01-12,Venus
28a7fe5b-7b92-47fa-8034-5ec7629cc72c,Chelsea Greene,Captain,a0a05e9f-a615-4450-a92b-d4c18b599afb,2022-03-02,Earth
45bd2b50-bd56-4c5c-88d3-aff94e43aad2,Peter Fitzgerald,Miner,4674582a-aa23-4d49-a783-b57989cf93b4,2017-05-09,Venus
1268ff78-8b9e-46fd-995c-ef7d5a252e36,Anthony Gentry,Miner,2b11a136-eb2a-464a-8238-5bbc033fe790,2022-05-26,Neptune
08a9232e-65dd-4240-83dc-9dc4a68f22b3,Chad Silva,Miner,55ee3219-30fb-4ae9-a63e-fa195e806042,2017-01-10,Saturn
d1caf99f-f16a-42f4-9ded-c2afdaae8433,Eric Griffin,Medic,64a72a41-c12e-4a4a-9aa0-9980a0747570,2015-06-07,Earth
b1c26dfa-599e-41de-b423-78826b487600,William Werner,Captain,f53d4d2e-f5f7-4978-a20e-3a81c3d472c0,2017-01-07,Neptune
2e4c7f78-4fa8-4dbb-a18c-96267463c8fc,Lisa Cline,Pilot,8fc62072-0bee-4bc3-8337-61b4da4f1f0a,2022-09-13,Neptune
f5e39492-ce05-48cf-a867-17badc52f20d,Philip Clark,Pilot,59a4f617-4bd4-4701-8911-11bd042afd11,2023-01-19,Neptune
bff69522-a2ff-46fa-89e2-9a50431079e6,James Rodriguez,Medic,b35055ee-a6df-4d78-8032-b2385bc8dc56,2017-02-15,Jupiter
06a119f7-96b8-4653-b7e3-0301e347812a,Colleen Russell,Miner,59713812-d046-4edd-b29b-4461c98a6b9b,2021-04-21,Neptune
3f4d489f-a625-4abb-995e-e65e8ec25d9b,Alexandra Pittman,Engineer,b1b6fd7c-72fc-407f-afd0-f598884e6083,2022-09-06,Mars
a42cdfac-ffc1-4fc2-9a54-857e2ad38503,Tiffany Levy,Miner,dd864a1c-b5f9-4e62-9662-18fb8757f1ba,2018-02-07,Jupiter
c6d82f78-142b-40e7-a236-1a2637694eca,Elizabeth Jones,Medic,2e6060fd-66bf-4a20-9bcf-5c7dd1351ddd,2016-05-14,Jupiter
7b474e68-deea-4547-bd20-e20cbaba9438,Melanie Clark,Captain,afba11e1-0255-4738-a584-0943d2a1d2b0,2017-08-07,Earth
9ef2b4bd-1208-4e5a-818f-7984a59d4a4f,Ann Patel,Captain,9c115fd8-356b-480d-af59-b9592ced2a46,2021-09-16,Neptune
94d363d0-8be7-4fc7-a620-f0a9604a9b4d,Julia Hill,Captain,57a2f859-51d6-4f3d-9b3f-444eec72227d,2022-03-26,Jupiter
d4b5e12d-f6b9-4765-a3c3-c51504e841b0,Anthony Moore,Medic,59a4f617-4bd4-4701-8911-11bd042afd11,2017-03-20,Saturn
c3559d3e-d7a3-4b33-b248-85810d62188f,Wesley Jones,Scientist,651aa0fa-ad0e-4499-9fa9-11f13d1032b5,2021-09-21,Jupiter
388023c7-bc04-4d86-88a4-c725f9682d99,Erica Norris,Captain,2811a674-57ba-43db-847b-58889465c796,2017-08-23,Saturn
70e8b77e-5b80-4a36-80be-da0217e1a895,Glen Reed,Pilot,2b11a136-eb2a-464a-8238-5bbc033fe790,2014-11-30,Mars
7fed3fe2-7da5-4410-96c3-29066d1d34a9,Jaclyn Delgado,Pilot,16440ba6-e920-4710-810e-6a69e4f239e2,2018-10-30,Saturn
a551be3a-a1a4-4135-8f49-d0bbcaa64c63,Anthony Wright,Miner,64a72a41-c12e-4a4a-9aa0-9980a0747570,2015-07-27,Earth
0c50fd7e-1023-4c40-9100-0b626d16c0f3,Mr. Cameron Johnson,Miner,08becd0f-be13-42bf-a72d-850c4c588997,2024-05-01,Jupiter
f26780b3-4862-401e-8add-2f2bde66213d,Cindy Morris,Captain,f94a5efb-3467-4901-ab7d-b712a29e6bba,2022-08-15,Earth
ab6481d4-89c4-4700-9d91-06fddf760f9d,Tiffany Carter,Pilot,5c952538-afc0-44dc-95ac-440fd452d38e,2016-08-06,Mars
ff79819b-66a3-4532-9e26-42c60d0c5c00,Brandi Lawrence,Engineer,ee631807-d5b7-4922-af8d-baefc3e10e85,2022-04-19,Jupiter
330f03c5-386f-4279-b380-a6e21273200e,Janice Henson,Pilot,756504a6-63da-412c-881d-afa852aef6a5,2021-08-04,Jupiter
7ce23fb1-cfc7-4156-917e-fbaaad200713,Gabrielle Hart,Miner,78eee1af-5d8d-4374-9955-a6fcad3cf4c1,2015-04-01,Earth
a67861ae-3e2a-43df-be17-ee6df16d360a,Regina Beck,Medic,c8cb7339-6e79-4ef8-a579-57eca080efa2,2017-10-28,Venus
9f72dba2-abd7-406d-8b49-77ce2de8cdc0,Arthur Carr,Pilot,7f984e49-e961-4251-b2ae-206c1d140aed,2019-06-15,Earth
2fa01d88-27be-48fe-bf4d-9232be7de1c0,Beverly Rios,Scientist,a0f5464b-4e37-4b42-9fc1-a04258ba5e23,2018-12-11,Jupiter
246c4afb-49b4-438a-9ce3-b6925b650882,Ann Martin,Medic,315b4fdc-2aaa-443a-afb9-4a2c91812afd,2016-01-28,Jupiter
b71b1b9b-289b-4808-bc64-1f8898d157c2,Erica Conway,Pilot,9fcd5fe7-5a98-4954-97c0-d7bcdee7170d,2020-02-25,Jupiter
761760f5-d44d-4836-917c-ae42d4827ee6,Terry White,Scientist,f314130b-e666-4a47-8e45-1470dd9b0e86,2018-06-27,Earth
e7f13128-9367-4b65-a844-fe939fddcef4,Mrs. Crystal Becker,Engineer,a5dfb716-357b-4b8a-b033-3271ad7cc0bb,2016-12-18,Saturn
fc5a3626-9c66-40c6-90c5-9a749b0b1458,Michelle Gillespie,Scientist,9fcd5fe7-5a98-4954-97c0-d7bcdee7170d,2018-02-02,Venus
2d38d4d6-a168-4115-91eb-bb27c0fbc49d,Russell Beltran,Scientist,053dd898-eb93-4eac-9a73-af2a4a08e708,2022-12-30,Earth
09768831-fc65-4819-8c12-f7f3c34ce7d2,Heidi Garcia,Medic,d100e68b-f694-441e-b96d-cb689c696301,2016-02-07,Neptune
97935a36-3ada-4a8f-895f-5c7eef3b363c,Matthew Miller,Pilot,9b637832-1082-49f6-bd38-0a5ed34a3b7d,2018-12-03,Neptune
d6f6fe17-838d-410c-b0f3-19bd892f0755,Rebecca Bradley,Medic,7f984e49-e961-4251-b2ae-206c1d140aed,2018-12-15,Venus
2c789bcc-e2dd-4a7a-aa52-ba6bbf89751d,Karen Peterson,Miner,afba11e1-0255-4738-a584-0943d2a1d2b0,2023-03-28,Neptune
4afb9d1e-b59f-48ce-9fda-a24c566e6c81,Cynthia Morris,Captain,f314130b-e666-4a47-8e45-1470dd9b0e86,2018-08-13,Venus
1e7cdb00-ee38-46e3-9e25-fd2c5d542e9f,Charles Smith,Captain,ab8277fb-4e69-4f81-b075-e352eac59778,2020-05-11,Venus
f139a397-c2ec-4ed2-88d3-8ed52dac81e7,Andrew Ramos,Engineer,fcad395e-0362-4bdc-9ec7-051b9af95320,2015-11-19,Venus
e2174482-cb6c-4d4d-a40f-01540b7fe524,Elizabeth Williams,Engineer,118ab0c2-57ae-47c9-ba08-2a141f085911,2023-12-06,Saturn
3fe271d8-c2a6-4d72-a991-a1e911f50658,Susan Villegas,Captain,bfc1a59d-cf2d-454b-b922-38836fabd82b,2024-05-23,Saturn
6e0ba470-a261-4f1a-9be6-ddde3ca8d65c,Diana Schneider,Medic,60a9a8b6-3635-4e08-8efe-bd22448e6763,2015-11-07,Venus
89902761-4e0d-483f-9d24-8e1ac6a7862c,Natalie Lopez,Scientist,a5dfb716-357b-4b8a-b033-3271ad7cc0bb,2016-06-27,Neptune
726d25bd-63b4-4187-917a-13c18c47c2dd,Tammy Stephens,Medic,520c2e7a-7a33-41dd-b82b-ef62c58f7c56,2022-05-22,Jupiter
2df2c5cd-df02-4e17-8d9c-2667be6be6f5,Cynthia Brown,Scientist,314643e5-93ea-4611-ac6d-83ca34f04ac0,2017-09-14,Mars
8138ac5b-c230-4d17-a8d2-991ca112e170,Patricia Baker,Medic,a0f5464b-4e37-4b42-9fc1-a04258ba5e23,2016-03-03,Venus
54a334c1-343a-4255-9c8e-b10baa6a5e81,John Mitchell,Medic,4674582a-aa23-4d49-a783-b57989cf93b4,2021-07-07,Saturn
1f189504-ef8e-4a5f-ba1c-2a5fa1368454,Ashley Stewart,Captain,c8cb7339-6e79-4ef8-a579-57eca080efa2,2017-01-20,Saturn
6c74701c-f815-459f-baf3-08e3eac7859e,Sabrina Mcintosh,Pilot,1716e7af-ee8d-4024-b0ed-d47be45565e0,2023-10-20,Venus
7b3f7e3a-f6a7-4616-82af-a85514453c84,Ryan Jackson,Engineer,053dd898-eb93-4eac-9a73-af2a4a08e708,2016-05-19,Earth
5a3105ca-3a62-4ce1-9719-7982b81221b9,Luis Cunningham,Medic,b1b6fd7c-72fc-407f-afd0-f598884e6083,2017-09-01,Venus
febdaa72-d568-4608-aa07-93c460f42813,Steven Lawrence,Miner,1ac7576b-d129-4f05-8904-f5cbee7d3336,2021-03-24,Venus
7fb806a6-030f-4bef-8de6-4043f76c6510,Melissa Hernandez,Medic,60a9a8b6-3635-4e08-8efe-bd22448e6763,2020-09-27,Neptune
19dd2f82-3b78-48e3-9767-704ad485e9e3,Grant Lewis,Miner,7e0f8194-d7f0-4f26-8e06-3ad8ed141ec5,2015-09-03,Jupiter
54016439-6506-45d1-8589-1d38cac8a786,Luis Vega,Scientist,60a9a8b6-3635-4e08-8efe-bd22448e6763,2016-05-21,Earth
a501f20e-d10c-4437-aad7-55ddf63b8e79,Andrew Riley,Engineer,4674582a-aa23-4d49-a783-b57989cf93b4,2019-06-13,Mars
b4431012-ee2b-411d-8ca4-cf783d0c2ed3,Anna Johnson,Engineer,d6e70ad4-62f6-4844-a23f-d9cafd880fce,2016-07-06,Saturn
cce664d9-27d1-468f-b15a-3c76f3c9071d,David Cervantes,Captain,09bf9a93-8954-475a-a0c1-dc6f8237d2b8,2023-11-25,Neptune
40887ae4-da88-4593-9c51-13f62a7ba105,Madeline Hicks,Medic,a09a081c-d625-4ce4-a01a-997784fb2e73,2018-05-20,Neptune
922072bd-3dbc-457e-a1ee-e4bb8f5b8ef1,Samantha Fisher,Engineer,d6e70ad4-62f6-4844-a23f-d9cafd880fce,2015-02-02,Mars
a4720800-8b42-40f9-b5f0-1ed98f05e3a5,Linda Lang,Engineer,f513bc4b-1d1b-4ee3-b7cd-b0f6e83f05e2,2022-01-28,Mars
aa799856-7fea-4b35-917b-348d26679868,Christopher Henry,Medic,5a6c6ed1-2c4c-4eaf-bfc8-6f01f5e9469f,2021-07-02,Earth
ce9cdde0-4a65-4e5f-a303-0bd4b1722a4f,Caroline Hernandez,Miner,132c4a32-5b1b-4191-ac6b-abab00d27f39,2017-08-23,Mars
dd451b81-1319-41af-b329-a46fc4c659d9,Melinda Johns,Scientist,9c115fd8-356b-480d-af59-b9592ced2a46,2023-07-14,Earth
7d799431-3b5a-494b-a23e-e331f25025ab,Raymond Molina,Pilot,afba11e1-0255-4738-a584-0943d2a1d2b0,2015-02-09,Mars
b1c9fd12-7007-4439-8039-d8e269700306,Craig Chapman,Miner,2811a674-57ba-43db-847b-58889465c796,2018-06-20,Saturn
34228cd2-ccfa-4669-bb26-58ea95b0bb8a,Troy Long MD,Pilot,651aa0fa-ad0e-4499-9fa9-11f13d1032b5,2018-03-23,Saturn
287c868b-bb4c-49b0-b578-4dc90b5542d9,Jessica Hunt,Pilot,f914e5f5-03a6-4fcf-ba87-19537da2c6b1,2014-10-27,Venus
b2498f69-243e-4684-89bc-82a73d15fbe6,Drew Walter,Medic,1ac7576b-d129-4f05-8904-f5cbee7d3336,2020-09-19,Saturn
2fc18dda-c2e6-4253-b367-d614f5365141,Robert Malone,Scientist,bfc1a59d-cf2d-454b-b922-38836fabd82b,2022-08-25,Earth
5618b6ff-6864-4a3e-85db-d8665c1a03cd,Tasha Murray,Miner,59a4f617-4bd4-4701-8911-11bd042afd11,2014-12-31,Mars
0cd995ad-fbc2-4810-876f-f5b864fb156d,Margaret Perez,Engineer,fcad395e-0362-4bdc-9ec7-051b9af95320,2022-12-07,Venus
734831c9-33c0-46b8-9c76-20fbc6338f83,Thomas Watson,Miner,6a98963b-4db0-4872-89f3-661be0189f33,2018-06-20,Neptune
4a47738a-a11b-47f0-a3bc-1cb5bf514e63,David Carpenter,Captain,16d25fbb-850a-47c1-a52b-07cfc8b2cbae,2022-06-08,Earth
98f9e46b-0b10-4c93-abe0-70d8972c8dd0,Brent Hayes,Miner,ca649075-71e4-41c3-88fa-060ee349d4bb,2015-04-10,Jupiter
3057a92e-8155-4aa0-9480-b7a307419542,Cameron Cabrera,Engineer,132c4a32-5b1b-4191-ac6b-abab00d27f39,2023-04-03,Neptune
b0709325-9ce8-4e48-a4c1-a836a36c248c,Ronnie Farley,Scientist,62c0a4c0-c59a-4ff2-83ac-d990c746b19e,2020-02-18,Earth
90f9eee8-2bab-411b-9fcc-841fa651467c,Robert Mercado,Medic,6a98963b-4db0-4872-89f3-661be0189f33,2021-09-01,Saturn
da65cbcf-3df0-49e6-ae93-0221e159f416,Michael Nielsen,Miner,0d9de037-26fa-46a7-91c5-c2760c5d6b15,2014-08-20,Mars
5000c749-910f-4b1b-a1e8-4191e462a586,Brian Lewis,Pilot,78eee1af-5d8d-4374-9955-a6fcad3cf4c1,2015-01-25,Jupiter
f57246eb-5471-4886-8711-bfd3894c52c4,Amy Larson PhD,Engineer,f53d4d2e-f5f7-4978-a20e-3a81c3d472c0,2015-01-10,Mars
3e723a76-f03d-4af9-86fa-11c1c821da65,Julie Gates,Captain,4674582a-aa23-4d49-a783-b57989cf93b4,2022-04-20,Saturn
4adbf4f1-5655-462b-93cb-14b58ddefeb1,Michael Kelley,Medic,ff666944-b8ac-4e89-85d0-0772bd0f0640,2019-11-29,Jupiter
3b9e36f7-dec5-4b05-b2fc-ce3efb952b19,Marvin Webb,Engineer,7260e046-1fb6-4471-930c-6c14db0b071d,2020-11-21,Venus
ea0f05ca-1070-4dda-b0c8-9afabc8fa2d6,David Zhang,Scientist,b8b6c11f-e589-4357-a5b9-dbccf94276d7,2017-07-27,Saturn
0ef73328-c6ea-46dc-bf92-920cd12a322c,Michael Guzman,Scientist,57a2f859-51d6-4f3d-9b3f-444eec72227d,2018-06-05,Venus
cf1dc872-8f1b-4015-883d-93aaf4c5c457,Samantha Reed,Captain,293b12ce-329c-4257-b4e1-e12f9cd180be,2015-05-31,Jupiter
e70de6c2-f6c1-44da-8ce1-29b243182a01,Kimberly Allen,Miner,d100e68b-f694-441e-b96d-cb689c696301,2017-08-16,Mars
4b258f87-b8f4-4847-96ad-401b3c311111,Timothy Ayala,Engineer,73b164da-bd71-4dc8-9c20-0a6eaa92eac1,2020-07-03,Neptune
65d2b1ad-673f-49fb-b385-0d560b0872b6,Michael Collins,Engineer,c7b78c91-be1e-4cec-8561-4d44be9fd106,2016-10-24,Venus
976f86b5-d64a-4f0b-905b-586a204aecdd,Timothy Haynes,Miner,685ed020-001e-4652-a864-e0cb81ad85fc,2018-03-15,Venus
d8c9f257-04fb-475c-9a54-e387d8b092c5,Michael Aguilar,Pilot,690e022e-47d5-4c00-a165-9b85b6da0ddc,2015-01-11,Mars
3b3d5916-b9c2-4351-89bc-da58e73c3117,Trevor Rocha,Medic,5c4c93c7-7356-46cb-9866-53c88f88ebf6,2022-07-21,Jupiter
aaad75d8-d3d3-43bb-9739-79642cf89954,Joanna Griffith,Scientist,34e55e91-53b7-4013-aa4f-6c49d9e0b8ca,2016-09-09,Jupiter
c5653fcb-c150-49a5-b5d6-f47591157433,Jim Thomas,Engineer,ab8277fb-4e69-4f81-b075-e352eac59778,2016-06-13,Jupiter
30ef5411-223e-4e2f-bc98-b0340402e835,William Carter,Engineer,7f984e49-e961-4251-b2ae-206c1d140aed,2021-08-11,Earth
ab5ad46f-0496-4ad6-a4e2-8e017139fd9f,Cory Barker,Pilot,5c952538-afc0-44dc-95ac-440fd452d38e,2017-03-16,Mars
d1c186f4-1b2a-418f-8cb1-8fdae107428d,Nancy Norris,Captain,ab8277fb-4e69-4f81-b075-e352eac59778,2020-02-10,Neptune
149c944c-49c8-4e7b-b171-4f3f4a1a8bc4,Holly Maldonado,Engineer,d62dca7e-da65-4d00-9705-a32d18eb49f9,2019-11-15,Neptune
e293b36a-715e-4676-8e40-f70b2cd982c5,Steven Lee,Captain,d100e68b-f694-441e-b96d-cb689c696301,2020-10-12,Neptune
b2eddc33-31fc-4d25-a61c-2e69c74257f9,Harry West,Engineer,d1db2af8-5cf1-4ffc-829a-f624c1ecf6ce,2019-04-18,Neptune
e54b3b92-5ce6-467c-a84d-bb38652bed22,Diamond Griffin,Engineer,2e6060fd-66bf-4a20-9bcf-5c7dd1351ddd,2022-04-30,Venus
3c66cc9b-4f7d-4359-8d47-d1337aacfde2,Natasha Henderson,Miner,16d25fbb-850a-47c1-a52b-07cfc8b2cbae,2015-06-15,Jupiter
42f73b0f-e3b6-42c0-8bbc-41edee7fe201,Joseph Rose,Engineer,19c0a97b-bb2f-4714-9463-6eade8f1e021,2024-03-18,Mars
f30a1a06-1b09-44cd-b480-d88c7ef8aa59,Francisco Mathis,Engineer,59a4f617-4bd4-4701-8911-11bd042afd11,2018-07-13,Jupiter
7889e5d2-4e20-434a-b217-bf4a00ba36e9,Autumn Johnson,Captain,78eee1af-5d8d-4374-9955-a6fcad3cf4c1,2016-07-23,Neptune
e13248cf-713d-4671-91aa-6052bb30dd46,Grace Mitchell,Captain,a5cf57fc-a5b5-4476-beba-bbab8bb08368,2018-04-25,Venus
8645c3cc-ef08-43dc-b0ab-45e408a72f5b,Belinda Moreno,Medic,065348e4-0ec3-445c-834c-52d89a3d65d1,2014-09-19,Venus
75578336-e7f2-4464-a0c1-fdd84c6869c2,Christopher Pugh,Scientist,d321b256-0c37-44bf-bc03-3a56fe22b3ac,2021-11-13,Earth
f6e95d03-d45d-4dda-ab16-a2bb25fe5e8a,Robert Cox,Scientist,16440ba6-e920-4710-810e-6a69e4f239e2,2016-03-04,Mars
f3cbc870-6f32-47a0-ad1b-c7270e274826,Benjamin Brandt,Medic,62c0a4c0-c59a-4ff2-83ac-d990c746b19e,2017-06-27,Neptune
548709a1-2d12-4700-ac43-5ca02dde1505,Maria Stephens,Pilot,209929a0-8a81-4ff6-a5aa-924d0c999457,2014-10-04,Venus
e8ec9e81-c767-486e-ab0a-37f56a14af28,Amy Spencer,Medic,ddab6e3c-588c-4ad4-afd7-b3d4c31385ab,2018-04-26,Mars
98b70add-cc52-4cca-871b-97c6e3ef15bc,Brian Hogan,Captain,293b12ce-329c-4257-b4e1-e12f9cd180be,2017-08-03,Earth
96bb7206-632f-4e79-b902-15338a24fd63,Michael Cox,Miner,860c17bc-91df-41f9-850c-5292372e4f65,2015-10-11,Mars
837a4f49-a62c-4c21-8b16-938ca99f6a14,Dennis Salazar,Captain,8a6ce387-362b-40ac-9b01-e03774adbf6d,2019-09-14,Saturn
b4690861-1ad9-451b-8307-ff350520393b,Courtney Patel,Pilot,b35055ee-a6df-4d78-8032-b2385bc8dc56,2019-04-10,Neptune
93842439-7ef7-463a-9a05-65211a9ad304,Susan Fleming DDS,Pilot,78eee1af-5d8d-4374-9955-a6fcad3cf4c1,2020-10-19,Earth
354d69cc-9f1c-4baa-99cd-912e41c5518b,Richard Villanueva,Medic,0d9de037-26fa-46a7-91c5-c2760c5d6b15,2021-11-13,Venus
e0b8376c-3919-4b29-97e8-0b43b52b227f,Andrew Colon,Pilot,6bef16ca-a922-493c-8bf4-26fcffbcc181,2022-12-17,Saturn
17277bb3-8eb6-4fd9-8a9d-6d5eb4e17c2e,Douglas Holmes,Captain,860c17bc-91df-41f9-850c-5292372e4f65,2018-11-01,Saturn
b3f7c3db-3f54-443f-af7c-b06faacc23e4,Justin Davis,Medic,7e0f8194-d7f0-4f26-8e06-3ad8ed141ec5,2018-02-27,Mars
5ff9cdc2-71bd-48e0-84b1-283531584058,Tonya Thomas,Captain,118ab0c2-57ae-47c9-ba08-2a141f085911,2015-04-09,Earth
520523bb-e814-4923-a43d-6e490b994e74,Christopher Carter,Captain,ab8277fb-4e69-4f81-b075-e352eac59778,2022-01-31,Mars
bbad662e-e759-4045-b3d0-ae28d86e6062,Brian Dodson,Captain,d1db2af8-5cf1-4ffc-829a-f624c1ecf6ce,2023-12-01,Saturn
29c7e92f-d2fe-41ad-99fd-89c5d7551191,Ryan Patton,Medic,f314130b-e666-4a47-8e45-1470dd9b0e86,2022-05-22,Saturn
d2bb4f49-daff-4795-9895-cc70749d6aa5,Miranda Ortiz,Miner,60a9a8b6-3635-4e08-8efe-bd22448e6763,2017-05-07,Venus
58f0d6c5-b97e-478a-9e5b-87475f20108e,Sharon Madden,Medic,78eee1af-5d8d-4374-9955-a6fcad3cf4c1,2022-09-12,Venus
02c63f1a-8be8-4b67-bfe7-582c4309eed5,Susan Guzman,Captain,59713812-d046-4edd-b29b-4461c98a6b9b,2023-05-29,Saturn
94b45364-9497-452a-9d94-de4908530b07,Misty Davidson,Captain,34e55e91-53b7-4013-aa4f-6c49d9e0b8ca,2019-09-06,Saturn
7ed354b5-b868-4cef-91af-3f9a71faca12,Alexis Jimenez,Captain,16440ba6-e920-4710-810e-6a69e4f239e2,2021-02-05,Venus
d186285f-2162-45c1-9eb0-9c4318893674,Melanie Wade,Engineer,5a6c6ed1-2c4c-4eaf-bfc8-6f01f5e9469f,2023-09-20,Mars
5a4c5450-d647-4c66-893e-2eb7d54c27e6,Theresa Dalton,Miner,6bef16ca-a922-493c-8bf4-26fcffbcc181,2019-02-01,Earth
f96da883-f4c2-4ff0-a4b3-e142853fa57b,Christine Hart,Miner,118ab0c2-57ae-47c9-ba08-2a141f085911,2016-10-13,Jupiter
af37cb52-0d13-408d-afcd-b567ed352f26,Stephen Wagner,Scientist,60a9a8b6-3635-4e08-8efe-bd22448e6763,2022-08-26,Venus
e04fa323-9ba6-40d2-abb0-5b966620c5ce,Nancy Watson,Miner,1ac7576b-d129-4f05-8904-f5cbee7d3336,2018-12-22,Mars
d1314742-6c4a-4d10-b20e-aba9e3d20aa4,Kristen Buchanan,Engineer,5c952538-afc0-44dc-95ac-440fd452d38e,2020-09-24,Venus
53c78dc6-fb02-4df7-96bb-e595ccff3a0f,James Harrison,Miner,5a8a2442-bf4b-4eda-8f8b-f71902d54cc4,2021-07-13,Mars
76a4f4ec-586e-42de-8cb6-cb53b3a56749,Dustin Jones,Medic,b8b6c11f-e589-4357-a5b9-dbccf94276d7,2019-09-11,Venus
3aa5954c-2cdb-4423-8e93-e64f5949e54b,Amber Baker,Medic,8903b120-3557-4821-8009-835f7354d59f,2022-09-10,Venus
f2082afa-1a48-4e78-a26b-877743d56eea,Cody Calderon,Miner,685ed020-001e-4652-a864-e0cb81ad85fc,2020-03-17,Mars
8a03e348-4eca-42c4-850d-e046944b5ff4,Nicole Fitzgerald,Medic,9fcd5fe7-5a98-4954-97c0-d7bcdee7170d,2016-01-08,Earth
bf4dd45a-12fb-408b-87ed-9fba1b9af004,Susan Green,Medic,651aa0fa-ad0e-4499-9fa9-11f13d1032b5,2016-03-17,Venus
ea717550-5824-4491-8278-d5542888cf98,Stephen Wilson,Captain,6bef16ca-a922-493c-8bf4-26fcffbcc181,2019-04-29,Venus
962e934b-ddcb-47d9-beec-8c5f40bc78d2,Troy Murphy,Pilot,756504a6-63da-412c-881d-afa852aef6a5,2023-06-01,Saturn
473126b5-e1fe-4f1d-813d-b116f96c9d35,Stephen Wright,Miner,33a03fb1-d74e-4981-a8b4-3850076d6637,2020-11-25,Saturn
d1a6d7ea-6038-4091-ba7c-63be5b68aea9,Amanda Haney,Scientist,5c952538-afc0-44dc-95ac-440fd452d38e,2019-11-26,Earth
ed8255e5-c03b-42db-9ce6-322406e00be3,Luis Duran,Engineer,2811a674-57ba-43db-847b-58889465c796,2014-09-07,Earth
16f18bcc-fb30-44b9-8436-f1d5235ee327,Corey Riley,Medic,520c2e7a-7a33-41dd-b82b-ef62c58f7c56,2022-12-01,Earth
1104d456-258a-4937-8360-97c891599e85,Timothy Chambers,Scientist,293b12ce-329c-4257-b4e1-e12f9cd180be,2015-08-11,Neptune
3f9ea5dd-b365-4e0c-a032-a2d72a75bc13,Lisa Ward,Captain,b1b6fd7c-72fc-407f-afd0-f598884e6083,2018-07-06,Mars
50c97126-c2c2-489b-bcd9-928150aecace,Trevor Todd,Medic,d321b256-0c37-44bf-bc03-3a56fe22b3ac,2024-06-15,Neptune
fdd39a73-df6e-4f2e-981d-51635c720fa8,Dwayne Perez,Pilot,d62dca7e-da65-4d00-9705-a32d18eb49f9,2019-11-02,Mars
2859641b-abb3-446d-8fbd-96912f3ea8e3,Jennifer Walker,Engineer,8903b120-3557-4821-8009-835f7354d59f,2021-05-11,Saturn
874e1094-3f9c-4ce1-bd14-e51261b64b8b,Dr. Kristin Pierce,Scientist,293b12ce-329c-4257-b4e1-e12f9cd180be,2016-10-26,Saturn
f28c62f0-c4e2-4fe5-8939-7dd9e482d5a9,Crystal Decker,Scientist,d100e68b-f694-441e-b96d-cb689c696301,2017-05-28,Jupiter
41f2e5a7-0b92-496f-af1d-8e7ac526cade,Angela Armstrong,Medic,756504a6-63da-412c-881d-afa852aef6a5,2016-06-02,Earth
68a6e88d-4d24-443d-8d0e-597132e95536,Dennis Cooper,Miner,118ab0c2-57ae-47c9-ba08-2a141f085911,2015-06-21,Mars
1ee14da9-c7f7-4a01-a818-aa2df69c729d,Martha Hopkins,Miner,57a2f859-51d6-4f3d-9b3f-444eec72227d,2016-10-16,Mars
fc1a66a5-e252-43b9-be2e-fc26d91ca031,Joseph Buck,Scientist,685ed020-001e-4652-a864-e0cb81ad85fc,2024-04-20,Saturn
0fcc7488-4df8-4123-85df-dfe472ebfc84,Ruben Leach,Engineer,8fc62072-0bee-4bc3-8337-61b4da4f1f0a,2022-06-09,Jupiter
7014a0d9-bc22-4e23-a757-0ec33a8fab4b,Zachary Bowen,Pilot,9fcd5fe7-5a98-4954-97c0-d7bcdee7170d,2015-06-07,Venus
fe07fcca-25c6-4012-9d1b-3654e7e2764b,Tiffany Carrillo,Miner,ddab6e3c-588c-4ad4-afd7-b3d4c31385ab,2019-08-11,Mars
ca2d6732-f4ba-4603-8c81-6aa8dc5962bb,Kimberly Pineda,Engineer,78b299a2-eaa1-42ee-b3a5-9d23f16ecfbd,2024-05-13,Saturn
66b69ae1-17cd-46fb-af7f-12b66d979040,Kyle Lambert,Medic,60a9a8b6-3635-4e08-8efe-bd22448e6763,2023-04-07,Venus
6c2e7891-089e-4584-bce8-abce746af888,Gregory Dunn,Miner,5c952538-afc0-44dc-95ac-440fd452d38e,2015-07-31,Mars
5b3b5da4-6221-4243-a869-29c841248ce7,Amanda Lee,Medic,55ee3219-30fb-4ae9-a63e-fa195e806042,2017-08-03,Jupiter
028846fb-4ea9-4d28-a883-c6a02d697089,Walter Gonzales,Captain,9b637832-1082-49f6-bd38-0a5ed34a3b7d,2014-10-24,Mars
c05709d0-5267-462c-b0a2-6e88f686af11,Douglas Ford,Miner,a5cf57fc-a5b5-4476-beba-bbab8bb08368,2015-11-10,Earth
a0b37fd4-7d50-4194-9614-34b193691a6b,Robert Francis,Captain,8903b120-3557-4821-8009-835f7354d59f,2017-01-10,Saturn
c9d103e9-13e8-4ca8-a4d5-3d00b2e7c6ef,Dr. Christian Jordan,Pilot,09bf9a93-8954-475a-a0c1-dc6f8237d2b8,2023-01-16,Neptune
0b2e4d5d-3559-4eb2-b4e3-4276890347a1,Diane Hamilton,Medic,860c17bc-91df-41f9-850c-5292372e4f65,2017-11-29,Saturn
51642c71-5224-4c60-b976-e710c19228d9,Tamara Mccullough,Miner,a5dfb716-357b-4b8a-b033-3271ad7cc0bb,2022-06-25,Mars
7410eaf4-3233-4e42-a0d5-daf57c5262b8,Christopher Short,Pilot,ca649075-71e4-41c3-88fa-060ee349d4bb,2015-03-15,Earth
3cf442e7-375d-4b9a-b890-426948c34717,Ryan Miller,Engineer,afba11e1-0255-4738-a584-0943d2a1d2b0,2018-05-11,Venus
0bef52af-e753-4cc4-bafa-4c2b8e29485b,Sharon Mckenzie,Medic,1ac7576b-d129-4f05-8904-f5cbee7d3336,2022-10-27,Jupiter
332ceb14-f4a0-4941-8aae-bd097cadbfbc,James Moore,Pilot,bfc1a59d-cf2d-454b-b922-38836fabd82b,2015-03-31,Venus
7a0a3538-96fc-488f-8e43-615524a0f619,Barry Hale,Medic,8fc62072-0bee-4bc3-8337-61b4da4f1f0a,2014-12-14,Mars
eb6712f6-feb1-45c7-b5f9-eb4e9f5caedd,Scott Mcclain,Medic,d62dca7e-da65-4d00-9705-a32d18eb49f9,2020-10-02,Neptune
ce2130c7-cfdb-41d2-b72f-da2ee1a554cd,Benjamin Lindsey,Captain,b8b6c11f-e589-4357-a5b9-dbccf94276d7,2018-10-23,Earth
f0a06df7-1f4b-4357-8cfe-241cbc1b5287,Renee Oliver,Scientist,34e55e91-53b7-4013-aa4f-6c49d9e0b8ca,2019-06-01,Mars
592e5cab-a07d-43ea-b795-25f74e7437f1,Cindy Brady,Medic,986d13e2-5f23-41cc-9c6f-fabe04fb973b,2017-04-19,Earth
ce98815f-02d9-4a18-9955-0a74dc5c10f8,Amanda Cox,Scientist,8a6ce387-362b-40ac-9b01-e03774adbf6d,2014-09-19,Earth
5c824405-743c-4dcf-9b43-ef6ddf1c3cd3,Christopher Smith,Scientist,b1b6fd7c-72fc-407f-afd0-f598884e6083,2020-07-12,Jupiter
5c12a81b-2ffa-4cf6-9df4-f433b9452b87,Erin Murphy,Medic,aedf34f3-4087-4acf-87d6-38b7520f4ef3,2019-11-13,Earth
a4b548ba-849e-4aaf-8343-3eda74853035,John Brown,Miner,78b299a2-eaa1-42ee-b3a5-9d23f16ecfbd,2015-11-02,Saturn
f5c0ccc4-1d1f-4996-94ee-de52bd52dd53,Gregory Chandler,Captain,59a4f617-4bd4-4701-8911-11bd042afd11,2022-06-05,Earth
1c073c97-8e41-435d-ae38-51551572510a,Melissa Jones,Miner,fcad395e-0362-4bdc-9ec7-051b9af95320,2019-07-16,Neptune
1d27ef85-8e96-43ad-88ff-196fd66cd9cf,James Smith,Engineer,2815dfce-a144-472e-bd12-59a475b755d6,2017-04-25,Venus
29655962-f06b-45b0-94b6-3286da844044,Ryan Young,Pilot,2815dfce-a144-472e-bd12-59a475b755d6,2019-11-27,Jupiter
00117199-1f4b-4916-915d-efa086f5ce1a,Brenda Montes,Captain,19c0a97b-bb2f-4714-9463-6eade8f1e021,2022-06-25,Venus
62c1bcfb-b35f-40a1-80c3-6696c7b62f8f,Benjamin Parks,Engineer,293b12ce-329c-4257-b4e1-e12f9cd180be,2021-10-26,Neptune
50959f59-da3f-4726-b9c9-62dde1894f45,Stephen Harper,Medic,55ee3219-30fb-4ae9-a63e-fa195e806042,2020-01-09,Earth
093a6f38-4950-4ad5-ad7d-8aabc390a695,Melinda Little,Scientist,dd864a1c-b5f9-4e62-9662-18fb8757f1ba,2014-10-11,Jupiter
be511e40-6fca-4c20-b9f1-17767b5838dd,Robert Chung,Miner,5c952538-afc0-44dc-95ac-440fd452d38e,2019-06-20,Venus
86a27ae3-1d64-41df-b308-df059e6e7e0e,James Russell,Scientist,9a7b1cce-97c8-434b-8f09-e44219ad29f3,2023-06-18,Venus
5e618df5-acc6-47c4-80f1-084d9cc7a315,John Wilson,Miner,ee631807-d5b7-4922-af8d-baefc3e10e85,2015-07-13,Jupiter
8c91c340-70d3-4935-a708-6269b1e4528e,Jeffrey Pope Jr.,Pilot,7f984e49-e961-4251-b2ae-206c1d140aed,2016-12-18,Mars
29387d4a-104d-4350-9cdb-b69e21e9c916,Michael Travis,Scientist,34e55e91-53b7-4013-aa4f-6c49d9e0b8ca,2017-04-07,Neptune
25c984f6-bc38-4194-b6dc-50feb022110f,Carlos Thompson,Medic,d1db2af8-5cf1-4ffc-829a-f624c1ecf6ce,2015-05-05,Earth
df1da3e9-ed16-4f91-a8cd-e4c9c5b6be27,Shannon Rojas,Miner,a0f5464b-4e37-4b42-9fc1-a04258ba5e23,2015-09-23,Saturn
239db544-d785-406b-b80a-49ed8fb25cd5,Cynthia Padilla DDS,Engineer,f513bc4b-1d1b-4ee3-b7cd-b0f6e83f05e2,2023-05-18,Earth
4445db2e-9ac8-497f-8d05-5f4e4dd2f139,Michael Hunter,Engineer,9a7b1cce-97c8-434b-8f09-e44219ad29f3,2024-01-07,Venus
b4e7447c-b8ed-4110-8bc5-c2f923d1aef0,Alexa Russell,Engineer,d62dca7e-da65-4d00-9705-a32d18eb49f9,2022-01-13,Mars
855b132c-4d25-4d45-8b4f-414b5e428462,Mark Curry,Medic,2487346c-4051-41b8-9b5a-026a4a85917b,2016-04-01,Jupiter
c76014dc-a8db-497c-8d3b-fc6ddab63f8a,Amanda Moss,Pilot,d100e68b-f694-441e-b96d-cb689c696301,2018-11-15,Saturn
38d17c64-5255-4ca1-a307-bde84168e521,Nancy Wilson,Miner,33a03fb1-d74e-4981-a8b4-3850076d6637,2021-09-02,Earth
b662cfd8-bac5-4b25-9b2a-747ff1822359,Derek Brooks,Scientist,aedf34f3-4087-4acf-87d6-38b7520f4ef3,2015-03-27,Venus
f87af84b-7980-4299-9059-c5e2e4613cfb,Shari Sparks,Scientist,7f984e49-e961-4251-b2ae-206c1d140aed,2014-10-28,Mars
04e070c7-5712-4979-99e7-80d2fecd6b97,Matthew Heath,Engineer,7260e046-1fb6-4471-930c-6c14db0b071d,2020-03-17,Venus
ee66ec44-87ca-4e6a-9596-01acb5a8c7f0,Christopher Hicks,Captain,2811a674-57ba-43db-847b-58889465c796,2019-11-01,Venus
7daf5263-d12a-4c63-8007-7e3dc5ed3c98,Kimberly Jackson,Scientist,314643e5-93ea-4611-ac6d-83ca34f04ac0,2015-06-11,Earth
daa9090a-d367-448b-889f-e938b345192e,Chad Mccormick,Pilot,19c0a97b-bb2f-4714-9463-6eade8f1e021,2018-11-11,Neptune
0f1acb47-1a21-40a3-98bb-db917da7578d,Samuel Blair,Pilot,685ed020-001e-4652-a864-e0cb81ad85fc,2017-10-17,Saturn
765538b5-cb89-44a5-a2fb-8f5b8356d816,Sherry Flores,Miner,5c4c93c7-7356-46cb-9866-53c88f88ebf6,2022-08-03,Venus
c5a75e2d-7b6b-47d8-9337-767910fa173c,Sharon Mays,Scientist,986d13e2-5f23-41cc-9c6f-fabe04fb973b,2022-12-03,Neptune
b4c38cff-2f31-42a8-ac73-b965ba6878ec,Erica Mathews,Miner,314643e5-93ea-4611-ac6d-83ca34f04ac0,2014-08-12,Earth
74ea9f1b-9be8-48e5-857b-6ded97118ab7,Tammy Grant,Medic,6a98963b-4db0-4872-89f3-661be0189f33,2016-08-30,Venus
e8b4aca3-c139-4a71-b9cc-35f2725bf70a,William Thompson III,Medic,118ab0c2-57ae-47c9-ba08-2a141f085911,2018-08-30,Neptune
69b9fbd5-e804-4e6b-a7d5-bf2bcd1b020f,Tyler Brooks,Medic,b8b6c11f-e589-4357-a5b9-dbccf94276d7,2018-07-16,Venus
6561ca50-f675-411a-b00d-5ce954595cc1,Steven Small,Pilot,f53d4d2e-f5f7-4978-a20e-3a81c3d472c0,2017-06-13,Neptune
27e99a9b-eafd-4c0a-80e7-be644b68f6c5,Samantha Beasley,Scientist,57a2f859-51d6-4f3d-9b3f-444eec72227d,2018-05-24,Earth
ba08c663-737c-4e61-8606-91496c246165,Thomas Burns,Pilot,faa75dec-4df9-4d60-b3cb-2e0f0319f3ce,2021-04-04,Saturn
bab3a7ee-f185-4108-94ef-fc81983fd51f,Todd Ellis,Pilot,2811a674-57ba-43db-847b-58889465c796,2024-02-14,Jupiter
ef194b39-067f-4fb2-83f3-c432c0d24999,Travis Porter,Captain,f513bc4b-1d1b-4ee3-b7cd-b0f6e83f05e2,2023-01-26,Jupiter
e4841d35-3e40-4889-a7dc-dab7b68aa324,Trevor Deleon,Miner,1ac7576b-d129-4f05-8904-f5cbee7d3336,2017-10-07,Venus
63d39502-9214-4bc8-961b-6295f74fb46f,Brent Harmon,Engineer,62c0a4c0-c59a-4ff2-83ac-d990c746b19e,2021-01-05,Venus
e4e9a21c-f26e-47c2-b0a9-1f08ca82dc64,Dale Hill,Pilot,315b4fdc-2aaa-443a-afb9-4a2c91812afd,2018-02-11,Venus
18d836d9-f04b-4480-ba9b-9066dd211275,Jessica Welch,Pilot,ab8277fb-4e69-4f81-b075-e352eac59778,2023-04-24,Jupiter
feba32cf-1e8b-4bc7-b376-b66fa6e4fe59,Kathryn Webb,Medic,9fcd5fe7-5a98-4954-97c0-d7bcdee7170d,2015-03-03,Saturn
0b37b923-f441-4e8a-a4d4-3910f43fdadf,Garrett Mccall,Medic,f94a5efb-3467-4901-ab7d-b712a29e6bba,2016-01-19,Jupiter
fd57b226-1c2b-448d-a3e8-168dac901ee8,Stacy Burgess,Pilot,f53d4d2e-f5f7-4978-a20e-3a81c3d472c0,2019-03-30,Mars
e33082e6-1776-431c-9269-e9b32a6c1c44,Lauren Sanders,Scientist,bfc1a59d-cf2d-454b-b922-38836fabd82b,2018-05-27,Earth
db363fdc-1c80-455d-ae44-2b09a9599d02,Ryan Hughes,Captain,315b4fdc-2aaa-443a-afb9-4a2c91812afd,2017-07-08,Mars
932d1347-b34f-4c42-9960-64a5b83e7401,Phillip Walters,Miner,7dd49479-bbce-410b-b3fe-cf26398f5dd1,2018-06-24,Neptune
c0e9b45c-46d0-4536-af07-6f4f157f9f5a,Rebecca Clements,Scientist,16440ba6-e920-4710-810e-6a69e4f239e2,2014-07-23,Mars
0e20b37f-8b67-418d-a912-cf64f5d0105a,Paige Roberts,Miner,60a9a8b6-3635-4e08-8efe-bd22448e6763,2019-03-04,Jupiter
4ac7fcf7-4e69-4030-9e8f-6894965e274b,Lisa Turner,Scientist,520c2e7a-7a33-41dd-b82b-ef62c58f7c56,2016-09-13,Earth
e1343d15-7aa2-46ab-a102-d7ea84a1a8d9,Jaime Gonzalez,Engineer,f914e5f5-03a6-4fcf-ba87-19537da2c6b1,2019-11-30,Mars
c14b75b5-6346-4769-9313-c07925a4b101,Christopher Chandler,Scientist,ee631807-d5b7-4922-af8d-baefc3e10e85,2023-04-27,Venus
19191923-cc17-4fc4-a5c0-f19a023fa256,Ronald Shea,Pilot,9b637832-1082-49f6-bd38-0a5ed34a3b7d,2015-02-14,Saturn
ea9cb280-685b-4d4a-96c1-7dc2d8a7fb93,Jonathan Orozco,Engineer,ee631807-d5b7-4922-af8d-baefc3e10e85,2022-09-17,Venus
33222725-51b3-4028-afcf-d5529654920d,Daniel Cannon,Pilot,bfc1a59d-cf2d-454b-b922-38836fabd82b,2020-08-26,Saturn
4f75edc5-b664-43ed-860d-bb670e7b907b,Carlos Chung,Captain,118ab0c2-57ae-47c9-ba08-2a141f085911,2014-10-22,Saturn
83fde991-2869-4be2-a2f8-9a8752dd6dfd,Cindy Davis,Pilot,64a72a41-c12e-4a4a-9aa0-9980a0747570,2018-11-10,Mars
a7efe9f0-ad40-43b0-bea4-82bb0250cedf,Jordan Espinoza,Scientist,0b84f332-6c88-4209-931d-d77cff526caa,2022-11-25,Saturn
39adabf8-6ca4-456c-8df0-93dad804a294,Amy Marshall,Pilot,651aa0fa-ad0e-4499-9fa9-11f13d1032b5,2021-05-28,Jupiter
2916244b-2054-42fa-b141-746c2f942b52,Steven Cantrell,Pilot,55ee3219-30fb-4ae9-a63e-fa195e806042,2017-08-31,Mars
5602e65b-556b-4ebd-b88b-41cd107a0363,William Reid,Scientist,293b12ce-329c-4257-b4e1-e12f9cd180be,2016-01-21,Mars
504737db-3d8d-4766-9817-1dcbb837f477,Craig Griffin III,Captain,118ab0c2-57ae-47c9-ba08-2a141f085911,2017-07-28,Venus
44f62eec-1769-4e2c-82d6-488c512c893f,Robert Dyer,Captain,b8b6c11f-e589-4357-a5b9-dbccf94276d7,2022-03-20,Mars
c6eecc86-61f4-4d3c-9dfa-3eb57a4cd9d9,Amy Reese,Scientist,8fc62072-0bee-4bc3-8337-61b4da4f1f0a,2022-11-11,Earth
efef33b9-0f91-4bb3-8566-9baf14cdf928,Katelyn Jennings,Scientist,1716e7af-ee8d-4024-b0ed-d47be45565e0,2014-12-13,Earth
039cb778-b890-4c0b-ab65-798717fef675,Ashley Petty,Medic,d6e70ad4-62f6-4844-a23f-d9cafd880fce,2015-07-31,Mars
5ccb4e67-1230-41d4-ae8a-25ae7ff0a526,Henry Obrien,Miner,fcad395e-0362-4bdc-9ec7-051b9af95320,2021-06-17,Saturn
58033053-a0a2-4b4b-84cf-d669f8383462,Kimberly Carpenter,Miner,19c0a97b-bb2f-4714-9463-6eade8f1e021,2020-07-23,Mars
a493445a-a0bf-4def-a61d-b6790d3cf938,Jennifer Graves,Miner,7dd49479-bbce-410b-b3fe-cf26398f5dd1,2015-01-22,Earth
be5b8402-2300-4d8e-aac4-0f870e934d0b,Linda Meyer,Captain,c8cb7339-6e79-4ef8-a579-57eca080efa2,2018-09-11,Neptune
77bda3a4-c866-4efb-af7a-2f9709c67166,Kimberly Smith,Medic,60a9a8b6-3635-4e08-8efe-bd22448e6763,2020-03-23,Venus
04737162-b757-4bfa-aca0-88b3378b00ec,Kelly Gregory,Miner,2487346c-4051-41b8-9b5a-026a4a85917b,2019-10-29,Venus
8ef6baec-6544-473f-9297-4600e4132793,Joshua Dunn,Pilot,b45fb729-3c64-42f1-9827-bb99a2dd00cd,2015-12-12,Venus
96f9e095-dc11-4486-92c2-27142885f19e,Michelle Cox,Medic,f94a5efb-3467-4901-ab7d-b712a29e6bba,2015-01-28,Jupiter
9b6accd1-7909-43c7-afbd-0d73927ac5a1,Catherine Mcdaniel,Miner,74ea1673-e4be-49ca-82a4-5946296e7457,2017-02-10,Mars
3f07ccdd-3dd6-494b-9d29-b3b819b96620,Jessica Potter,Medic,19c0a97b-bb2f-4714-9463-6eade8f1e021,2021-11-20,Neptune
b5bc8b7f-6aa4-4a51-8125-d258d042cc51,Jordan Anderson,Captain,ddab6e3c-588c-4ad4-afd7-b3d4c31385ab,2022-08-22,Mars
e0ba5554-a6ad-46ab-8eb5-3272f6a250aa,Johnny Cooper,Engineer,5c952538-afc0-44dc-95ac-440fd452d38e,2017-05-07,Jupiter
bb89d7c1-a1c5-434f-9ab7-c86f34c04deb,Crystal Foster,Miner,7dd49479-bbce-410b-b3fe-cf26398f5dd1,2019-08-19,Saturn
48e60c4c-d29f-4d3a-a05f-9de4f913dd55,Tony Howard,Scientist,f513bc4b-1d1b-4ee3-b7cd-b0f6e83f05e2,2021-12-28,Venus
4efe146a-8785-4234-9076-9d2f965d00f0,Lori Thompson,Scientist,d62dca7e-da65-4d00-9705-a32d18eb49f9,2022-12-05,Neptune
11ff5bee-8644-4449-bf3e-20bb61ba1071,Charlene Myers,Miner,9c115fd8-356b-480d-af59-b9592ced2a46,2015-05-24,Venus
b6ca9cc1-1d70-4940-8cf5-97866fe4873f,Diane Dixon,Pilot,fcad395e-0362-4bdc-9ec7-051b9af95320,2021-10-05,Earth
553426b6-0e17-44ae-8c68-7241d157561d,David Mclean,Pilot,2811a674-57ba-43db-847b-58889465c796,2022-03-11,Mars
eb7abbb0-6cc7-4a08-ad91-efb9f43bfd40,Ivan Munoz,Scientist,afba11e1-0255-4738-a584-0943d2a1d2b0,2016-06-08,Mars
cb9741eb-9daa-4780-bc89-7345d6c6a351,Rachel Huff,Medic,8fc62072-0bee-4bc3-8337-61b4da4f1f0a,2018-03-12,Earth
cb513392-88a6-42ce-9b75-bfb4bfa8ddb7,Elaine Clark,Captain,62c0a4c0-c59a-4ff2-83ac-d990c746b19e,2014-12-04,Saturn
cda13a63-c935-46ab-8e73-d79df81e2e9a,Lauren Anderson,Medic,55ee3219-30fb-4ae9-a63e-fa195e806042,2024-02-02,Earth
87ffcc0a-0f6b-4495-8977-18445d3ab765,Isaiah Daugherty,Miner,d6e70ad4-62f6-4844-a23f-d9cafd880fce,2021-11-15,Venus
5197d7fd-1261-4983-a80a-deb9353aa935,Megan Dean,Miner,685ed020-001e-4652-a864-e0cb81ad85fc,2018-12-14,Mars
288ef286-082a-4175-9272-39ae0ea9553b,Michael French,Miner,fcad395e-0362-4bdc-9ec7-051b9af95320,2023-11-29,Mars
bc84cb4d-b94e-41af-a63f-fb22af497939,Jonathan Perez,Captain,b1b6fd7c-72fc-407f-afd0-f598884e6083,2019-02-09,Earth
c4e61eff-57c9-4cdb-a967-7f390e1a8e52,Hannah Mccullough,Medic,ee631807-d5b7-4922-af8d-baefc3e10e85,2018-05-20,Venus
df33b742-6398-497f-bc43-b27db0c4beeb,Justin Smith,Medic,59713812-d046-4edd-b29b-4461c98a6b9b,2019-06-24,Saturn
309ed7b8-94b5-4043-9160-1e1dd7b93ec4,John Bell,Pilot,314643e5-93ea-4611-ac6d-83ca34f04ac0,2016-12-08,Neptune
30693815-ac28-4f89-a224-866e452d4f39,Andre Copeland,Pilot,455765b4-c4c8-4143-82aa-6cd3b97dce2f,2022-01-25,Venus
d449252f-0c68-4f29-89ad-60bc207000dd,Lauren Dillon,Miner,b1b6fd7c-72fc-407f-afd0-f598884e6083,2017-07-07,Venus
ef3f4b50-7e1d-4145-8646-858d9df57162,Travis Baker,Medic,209929a0-8a81-4ff6-a5aa-924d0c999457,2019-08-14,Saturn
7e3e75f4-1ec6-4a59-b425-701fd398a2a5,Leslie Mitchell,Pilot,7f984e49-e961-4251-b2ae-206c1d140aed,2021-04-23,Earth
fd84dbfe-5aa4-4b91-9e4e-66852958cb0d,Thomas Willis Jr.,Pilot,bfc1a59d-cf2d-454b-b922-38836fabd82b,2016-08-17,Jupiter
af56f210-b19e-45fc-9bef-1c4792c938b9,Christopher Bridges,Pilot,aedf34f3-4087-4acf-87d6-38b7520f4ef3,2015-01-24,Mars
a90cfaab-519a-4120-bdbf-88ce0a5cef40,Angela Lozano,Engineer,a5cf57fc-a5b5-4476-beba-bbab8bb08368,2017-03-03,Jupiter
aecadb56-0278-4c00-a5a1-12b167220e53,Debbie Hooper,Engineer,f314130b-e666-4a47-8e45-1470dd9b0e86,2022-01-05,Mars
ca8d70c7-57ac-43ff-82f7-12b8f3ec2a3b,William Gallagher,Medic,5a6c6ed1-2c4c-4eaf-bfc8-6f01f5e9469f,2017-09-13,Jupiter
6529fcfc-1720-49a9-968a-4fe8dae85921,Gina Johnson,Captain,293b12ce-329c-4257-b4e1-e12f9cd180be,2023-01-03,Mars
69aed567-6bab-4e0f-b294-8ee3653cfdfb,Ann Powell,Miner,19c0a97b-bb2f-4714-9463-6eade8f1e021,2017-06-30,Jupiter
832934f7-45b6-4ac9-9360-e11955b4eeac,Dalton Rodriguez,Captain,455765b4-c4c8-4143-82aa-6cd3b97dce2f,2018-08-26,Jupiter
779eea09-7afa-4a1d-a7e7-f679499b47f9,David Cook,Miner,59713812-d046-4edd-b29b-4461c98a6b9b,2016-10-21,Neptune
a56eda38-f54b-4f89-98af-c02f62a552a2,Sabrina Jackson,Miner,b35055ee-a6df-4d78-8032-b2385bc8dc56,2016-01-14,Venus
ed35604f-8f07-4909-af28-0f7940f8a45f,Vincent Johnson,Engineer,b8b6c11f-e589-4357-a5b9-dbccf94276d7,2020-07-21,Venus
dbc35a7c-4828-47a9-b39b-14e01d927d3f,Jesse Rogers,Medic,6bef16ca-a922-493c-8bf4-26fcffbcc181,2019-04-16,Earth
53857b73-44a6-496b-871a-fd87f5b3c1a8,Matthew Johnson,Captain,a0f5464b-4e37-4b42-9fc1-a04258ba5e23,2023-02-21,Earth
609dbc13-2f65-4be8-a5de-52dfde628d8e,Rachel Johnson,Engineer,6a98963b-4db0-4872-89f3-661be0189f33,2022-09-09,Earth
040d7af8-3de6-44a2-81d9-f7f65ccdc4af,Kent Gardner,Engineer,c8edf4e7-0849-4d75-b00b-8528ff44b8f3,2015-10-30,Mars
bbbd5ede-62ec-49b1-a3bc-74c9b90f38c8,Christopher Powers,Pilot,d4db8efb-6606-4484-8f6d-a7926d577e62,2022-12-14,Neptune
b622d18e-3840-48c8-9034-de621d16d02d,Virginia Hays,Miner,f53d4d2e-f5f7-4978-a20e-3a81c3d472c0,2024-01-28,Saturn
5b98d832-7f48-4ae4-96f3-cf298d41e249,Anthony Walsh Jr.,Medic,aed5e22b-1879-43a7-ba63-029245dfd253,2019-11-29,Neptune
635c386a-757a-4607-a794-fa219588a84c,Kristy Hendrix,Pilot,0b84f332-6c88-4209-931d-d77cff526caa,2018-06-11,Jupiter
497f2c50-fef1-40a2-9dad-6e0d825f87bd,Dana Lynch,Engineer,78eee1af-5d8d-4374-9955-a6fcad3cf4c1,2024-01-21,Neptune
ad55180c-fa18-4394-827d-b2f531f5d75f,Casey Harrell,Miner,16440ba6-e920-4710-810e-6a69e4f239e2,2018-12-06,Neptune
ebf3de71-04f6-4f43-98dc-ca4c44edc242,Michael Bradley,Pilot,5a6c6ed1-2c4c-4eaf-bfc8-6f01f5e9469f,2021-11-13,Mars
b05b5aa6-0f5f-489a-b97d-6441a6d5247c,Elizabeth Scott,Engineer,09bf9a93-8954-475a-a0c1-dc6f8237d2b8,2015-10-20,Earth
bbbc3778-f5ea-4386-9c07-252d81881bd7,William Smith,Pilot,d4db8efb-6606-4484-8f6d-a7926d577e62,2019-02-02,Mars
08ebe514-7fcb-4d4e-b2ce-6bc59dfe2e31,Lauren Murray,Pilot,78eee1af-5d8d-4374-9955-a6fcad3cf4c1,2021-03-05,Venus
9afcc447-f3b9-41d9-bb2e-3de4c7447115,Joseph White,Captain,c7b78c91-be1e-4cec-8561-4d44be9fd106,2018-08-04,Mars
b814defe-23de-4092-ab28-31b00ed3589a,Cassandra Haynes,Captain,d1db2af8-5cf1-4ffc-829a-f624c1ecf6ce,2017-11-30,Saturn
282d2fa7-8cba-4cbb-8dcb-238b012788e3,Karen Johnson,Pilot,2811a674-57ba-43db-847b-58889465c796,2020-11-02,Mars
3b9c2b3f-10d5-4b26-b16b-692734fc21e0,Thomas Barrera,Medic,7dd49479-bbce-410b-b3fe-cf26398f5dd1,2021-10-05,Saturn
f35b5dfc-63d1-4ff7-8a9e-88e674917536,Melinda Perez,Scientist,c8cb7339-6e79-4ef8-a579-57eca080efa2,2014-11-18,Earth
ea8aaa04-a3eb-4ac5-a212-2bf6846660fe,Deanna Benton,Pilot,a6c55300-8974-4619-8e84-84a3508cd9df,2023-07-21,Venus
31f8db9e-2f8d-4ae4-8a9f-681d908bc38f,Paul Waters Jr.,Pilot,ddab6e3c-588c-4ad4-afd7-b3d4c31385ab,2015-10-04,Mars
4dc9dfee-da48-4a05-a5e7-202aefd7c1ad,Alexis Schneider,Engineer,065348e4-0ec3-445c-834c-52d89a3d65d1,2020-11-11,Mars
92bbcaa6-e4fd-4a85-bc8f-e5d06593b42b,Abigail Zimmerman,Pilot,065348e4-0ec3-445c-834c-52d89a3d65d1,2018-01-27,Saturn
c3633a0d-d5d0-4360-952b-d6a3994cab38,Danielle Rogers,Engineer,5a6c6ed1-2c4c-4eaf-bfc8-6f01f5e9469f,2015-08-31,Earth
5502bcb2-4f62-46de-af78-ac32f6fdd909,Joseph Smith,Engineer,2b11a136-eb2a-464a-8238-5bbc033fe790,2017-08-27,Earth
6b5349d4-5956-4d53-97e3-3107cb7c0a5d,Heather Cruz,Captain,8903b120-3557-4821-8009-835f7354d59f,2014-10-31,Venus
d2c782ce-0a66-414e-82be-5861ee395a64,Sarah Miller,Medic,78eee1af-5d8d-4374-9955-a6fcad3cf4c1,2019-11-08,Saturn
be3ec73b-cf94-4685-8088-e9de1279c036,Martha Lee,Miner,a0f5464b-4e37-4b42-9fc1-a04258ba5e23,2023-04-14,Neptune
0ddd7501-66a5-4eff-9af6-93ccf64195be,Anthony Henry,Engineer,a5cf57fc-a5b5-4476-beba-bbab8bb08368,2018-03-24,Jupiter
19aeb074-93ba-47d6-b3d5-6a1bbe575d09,Jennifer Hodges,Scientist,315b4fdc-2aaa-443a-afb9-4a2c91812afd,2019-03-09,Venus
cc2671d8-6484-4ece-8eb8-9df8c7e7800d,Tara Webb,Miner,a6c55300-8974-4619-8e84-84a3508cd9df,2019-01-18,Jupiter
5666402a-8de1-40a7-82a8-d43dc4fb2483,Joshua Murray,Engineer,d100e68b-f694-441e-b96d-cb689c696301,2022-01-07,Jupiter
a31dee7b-901c-402d-8e25-8905b4c26631,Brandon Myers,Medic,2815dfce-a144-472e-bd12-59a475b755d6,2023-08-14,Earth
1f05c2d7-fba4-47cc-b334-8feb4a2a42a0,Shelby Carter,Captain,aedf34f3-4087-4acf-87d6-38b7520f4ef3,2024-03-16,Venus
b0449fe2-346a-423e-88ea-d1e19bfeddaf,Kyle Myers,Scientist,053dd898-eb93-4eac-9a73-af2a4a08e708,2022-04-27,Mars
89f68203-c00c-44ab-aa0b-f7554a7065ee,Thomas Marshall,Scientist,2815dfce-a144-472e-bd12-59a475b755d6,2015-02-16,Saturn
3458c4d5-0568-4a5c-ab63-ea36a455ffff,David Douglas,Miner,ddab6e3c-588c-4ad4-afd7-b3d4c31385ab,2024-05-31,Saturn
226171ba-9858-4b9d-9be1-40dc807c979f,John Malone,Captain,2e6060fd-66bf-4a20-9bcf-5c7dd1351ddd,2019-08-23,Jupiter
45b642c6-2da1-422b-98cd-4784bb909f18,Erica Anderson,Miner,faa75dec-4df9-4d60-b3cb-2e0f0319f3ce,2016-06-30,Venus
04140ca1-60db-4a80-bbc0-3763207c20bf,Jonathan Johnson,Pilot,59713812-d046-4edd-b29b-4461c98a6b9b,2022-08-06,Saturn
26a79740-297b-4fec-9630-158b7e64d1ed,Kaitlyn Mclaughlin,Medic,053dd898-eb93-4eac-9a73-af2a4a08e708,2021-03-14,Earth
76f2b4a5-d0c1-4a34-8f04-f3862c5e88cc,Alexander Rivera,Engineer,57a2f859-51d6-4f3d-9b3f-444eec72227d,2016-04-15,Saturn
caa23caa-f69f-43e7-acfa-e170b4386e87,Jennifer Mckay,Miner,ca649075-71e4-41c3-88fa-060ee349d4bb,2016-08-12,Venus
c9b53cb1-6d6e-4e6d-ab8d-ab1412c6c9e3,Karen Johnson,Captain,7fabe47e-1269-4cc7-a4fb-735890d5142d,2021-09-28,Mars
ef634779-6fda-4eb3-98a3-968b770c5162,Julie Campbell,Miner,0b84f332-6c88-4209-931d-d77cff526caa,2020-12-06,Venus
825182e5-4cca-4102-ba48-57155bd88704,Tricia Welch,Miner,73b164da-bd71-4dc8-9c20-0a6eaa92eac1,2020-01-09,Earth
3eba3197-b29c-4d5e-8977-4f6106bf8111,Miguel Henderson,Scientist,756504a6-63da-412c-881d-afa852aef6a5,2015-01-12,Mars
b3757f19-9da0-4bf0-97e6-357ea95453fc,Taylor Carter,Pilot,c8edf4e7-0849-4d75-b00b-8528ff44b8f3,2016-07-29,Saturn
36acd8c8-0431-4c6a-bb0b-28af0f4e0c49,Michelle Jackson,Pilot,a6c55300-8974-4619-8e84-84a3508cd9df,2021-11-21,Mars
03f61127-8ed2-41b5-8730-2ee97729acc0,Stephanie Dixon MD,Captain,1ac7576b-d129-4f05-8904-f5cbee7d3336,2019-06-14,Neptune
4b83df4a-b177-43ce-9223-0a088e68be08,Teresa Morton,Scientist,16d25fbb-850a-47c1-a52b-07cfc8b2cbae,2024-04-18,Jupiter
07c0d681-68fc-41fb-b4a2-7d490121cff8,Patrick Hobbs,Miner,1716e7af-ee8d-4024-b0ed-d47be45565e0,2024-01-17,Saturn
a834b846-56bb-4748-a282-e32c9c2e5948,Barry Dunn,Miner,d62dca7e-da65-4d00-9705-a32d18eb49f9,2022-11-24,Jupiter
2ac64175-faba-47f6-906d-f57c22b5c54f,Deanna Williams,Pilot,f914e5f5-03a6-4fcf-ba87-19537da2c6b1,2014-10-07,Jupiter
282062b8-ba0a-4853-a816-259ca216b234,Bradley Stokes,Scientist,1ac7576b-d129-4f05-8904-f5cbee7d3336,2018-03-05,Venus
03aad874-7117-4614-b79a-c5fd3bc678a9,Christy Travis,Scientist,986d13e2-5f23-41cc-9c6f-fabe04fb973b,2023-02-25,Mars
ee583e8e-c5b8-40ee-a669-883368d59652,Karen Abbott,Miner,d100e68b-f694-441e-b96d-cb689c696301,2015-02-10,Jupiter
44152fad-50ab-4a2d-8e4a-35fc9968bdf1,Shelley Valdez,Medic,ab8277fb-4e69-4f81-b075-e352eac59778,2018-05-28,Saturn
6735f007-ba6a-429f-9f07-dda0baa5ec5c,Brittney Ford,Scientist,7260e046-1fb6-4471-930c-6c14db0b071d,2015-06-01,Neptune
7b8d8d19-b586-4a0d-9870-292172220517,Deborah Hughes,Captain,78b299a2-eaa1-42ee-b3a5-9d23f16ecfbd,2021-03-31,Neptune
ca512354-5ddf-411a-8491-f4599c107f43,Alicia Rivera,Miner,6a98963b-4db0-4872-89f3-661be0189f33,2014-10-09,Neptune
1ce3e529-7bda-4e6c-a147-f347baf94fd5,Travis Wright,Pilot,132c4a32-5b1b-4191-ac6b-abab00d27f39,2017-04-17,Earth
46c9bdf8-9bdc-4a05-bd76-5aca693715ee,Jeremy Mckinney,Captain,f53d4d2e-f5f7-4978-a20e-3a81c3d472c0,2022-08-13,Jupiter
50509f47-3abe-46b0-a272-e9c6458c44a7,Thomas Hancock,Captain,b35055ee-a6df-4d78-8032-b2385bc8dc56,2020-04-29,Venus
9c08e3f4-c1bf-48b3-8c5f-f154c6388dd7,Pamela Bradley,Captain,c8cb7339-6e79-4ef8-a579-57eca080efa2,2022-05-13,Jupiter
573ac194-ec61-417e-8ea6-537d3e857add,Katherine Johnson,Engineer,d62dca7e-da65-4d00-9705-a32d18eb49f9,2021-04-25,Earth
4605b4a3-5dc5-4242-bc51-9d7378540185,Brenda Thomas,Captain,9a7b1cce-97c8-434b-8f09-e44219ad29f3,2018-09-24,Earth
f44f6117-e069-4ce1-995f-967e0a70e83b,Melanie Jones,Medic,d100e68b-f694-441e-b96d-cb689c696301,2020-12-03,Earth
4b14f741-416a-4d0d-8e8b-ce6a411e707d,Sharon Montoya,Miner,a5cf57fc-a5b5-4476-beba-bbab8bb08368,2021-12-15,Saturn
d8ae2d13-486e-4841-8bfd-d857970448ba,Christopher Holmes,Pilot,dd864a1c-b5f9-4e62-9662-18fb8757f1ba,2021-02-22,Jupiter
f33ce179-5e8d-475d-b703-6e9ce16ef762,Sandra Romero,Pilot,59a4f617-4bd4-4701-8911-11bd042afd11,2014-08-03,Earth
19aa31e5-6074-4bac-8f46-e07a073b5cb7,Kevin Russell PhD,Pilot,b45fb729-3c64-42f1-9827-bb99a2dd00cd,2020-08-06,Saturn
03051423-42a1-4f8a-acec-fcf42c4b4f93,Kristie Nicholson,Scientist,5a8a2442-bf4b-4eda-8f8b-f71902d54cc4,2019-04-25,Earth
5f02d8ed-40fa-4679-84e5-42ad5f627e32,Jennifer Clark,Scientist,a09a081c-d625-4ce4-a01a-997784fb2e73,2018-06-09,Mars
1a67c5f2-faab-4f1c-80e1-4fd03ceebf3a,Courtney George,Pilot,2487346c-4051-41b8-9b5a-026a4a85917b,2019-11-14,Jupiter
bb532ab4-5d9e-4f1d-82c5-88343dd537ad,Kimberly Silva,Captain,5c4c93c7-7356-46cb-9866-53c88f88ebf6,2020-11-06,Earth
ed01e140-7216-43ad-9f18-252638de68c5,Darren Burns,Miner,78b299a2-eaa1-42ee-b3a5-9d23f16ecfbd,2022-01-20,Jupiter
3c8c0450-2e70-4061-9fe7-f44b1528a11f,Thomas Johnson,Medic,b1b6fd7c-72fc-407f-afd0-f598884e6083,2023-01-04,Mars
8d42d9d0-a2de-48e6-ab19-89d2eb1e4e28,Jocelyn Pierce,Captain,a5cf57fc-a5b5-4476-beba-bbab8bb08368,2024-04-30,Jupiter
80da5c22-7b77-4125-b009-c4eb31d4d1a1,Crystal Cunningham,Scientist,aed5e22b-1879-43a7-ba63-029245dfd253,2014-10-05,Jupiter
4556486b-e5ea-4ad6-ae33-7147d82750cd,Ian Clayton,Engineer,62c0a4c0-c59a-4ff2-83ac-d990c746b19e,2023-07-13,Venus
97ae68ff-9f2e-4f51-8682-e252c456ebed,Michael Martinez,Medic,1716e7af-ee8d-4024-b0ed-d47be45565e0,2021-05-02,Jupiter
e6af3e82-19a2-40d7-b765-65c0c7d3f6ec,Mr. Ronald Randall Jr.,Medic,d6e70ad4-62f6-4844-a23f-d9cafd880fce,2016-08-08,Venus
34d6b50a-af80-4a95-aa52-ae8f86f7a59a,Thomas Davila,Captain,d6e70ad4-62f6-4844-a23f-d9cafd880fce,2016-06-20,Mars
d28bdaee-589f-40a1-a3ad-3b6dc1deeb8b,Michael Hernandez,Scientist,7fabe47e-1269-4cc7-a4fb-735890d5142d,2023-07-14,Jupiter
034d58d8-8cc2-4155-909b-d7d568e25e58,Kelli Douglas,Scientist,7dd49479-bbce-410b-b3fe-cf26398f5dd1,2014-08-26,Saturn
ad9d8963-2c3c-49ee-88ce-d48b1d02b6ce,Jasmine Day,Scientist,b8b6c11f-e589-4357-a5b9-dbccf94276d7,2015-03-09,Venus
61ff5f63-1ae1-4a99-ba62-e6058d421196,Deanna Sanders,Pilot,f94a5efb-3467-4901-ab7d-b712a29e6bba,2019-08-29,Jupiter
2b2cff65-e626-484d-98b5-90bfe7d3d431,Amanda Rodriguez,Scientist,5a6c6ed1-2c4c-4eaf-bfc8-6f01f5e9469f,2024-06-21,Jupiter
2bee9137-1fd7-4e79-b6d0-719d34196038,Kevin Lester,Captain,a0f5464b-4e37-4b42-9fc1-a04258ba5e23,2015-12-18,Jupiter
43e8b049-1c60-42d2-8908-d50e42b5f016,Jesus Burton,Pilot,f513bc4b-1d1b-4ee3-b7cd-b0f6e83f05e2,2021-03-19,Mars
fd23b1f4-bb41-4deb-9190-a27711fcd3e8,Jill Smith,Medic,d100e68b-f694-441e-b96d-cb689c696301,2016-09-16,Saturn
40ceffd2-82c6-4f40-a2b0-8d45091916e6,Sarah Burton,Medic,2e6060fd-66bf-4a20-9bcf-5c7dd1351ddd,2016-07-27,Earth
c4dfd9a0-b2d2-4b8d-be48-f6556c969545,Andrew Irwin,Medic,09bf9a93-8954-475a-a0c1-dc6f8237d2b8,2022-06-29,Neptune
7c029a92-3734-4154-86e9-d5d231d060c0,Jason Marshall,Captain,2815dfce-a144-472e-bd12-59a475b755d6,2021-11-05,Neptune
a1bd4d3e-202e-4d03-a1e5-406f654592bd,Ronald Jefferson,Engineer,5a6c6ed1-2c4c-4eaf-bfc8-6f01f5e9469f,2020-09-25,Mars
93037bc9-da82-4da8-9870-406ba58b2fa4,Kayla Meyer,Engineer,a5cf57fc-a5b5-4476-beba-bbab8bb08368,2020-10-24,Neptune
3dcd4984-4464-418a-9de9-545dde24f890,Frank Walker,Pilot,132c4a32-5b1b-4191-ac6b-abab00d27f39,2016-02-23,Earth
f9a5f7bd-5165-4bb2-9ad7-53d8b7394c35,Alan Foster,Medic,d62dca7e-da65-4d00-9705-a32d18eb49f9,2024-03-24,Jupiter
31f0fee2-fb9f-4d36-9f98-42410ec47146,David Dean,Captain,d321b256-0c37-44bf-bc03-3a56fe22b3ac,2020-11-17,Saturn
60271153-9818-4125-893e-445b44f86fd9,Amanda Graham,Scientist,b45fb729-3c64-42f1-9827-bb99a2dd00cd,2020-04-02,Mars
d3ec492c-c1e7-47d4-b6ff-7ac0c5b675bc,Chloe Olsen,Engineer,09bf9a93-8954-475a-a0c1-dc6f8237d2b8,2022-06-11,Saturn
f56a3f48-aad4-45f3-a9da-5cba500010db,Mike Berg,Miner,314643e5-93ea-4611-ac6d-83ca34f04ac0,2022-09-03,Neptune
945313b7-6fad-4517-9db1-8fac8edcb9cb,David Alvarado,Miner,f513bc4b-1d1b-4ee3-b7cd-b0f6e83f05e2,2019-11-14,Mars
05e9137b-56ef-4076-a7e9-13003b4f6787,Patty Morrison,Engineer,d4db8efb-6606-4484-8f6d-a7926d577e62,2021-06-04,Jupiter
c489fed6-557b-43f3-9350-450565bcbe1c,Carol Sanchez,Scientist,ddab6e3c-588c-4ad4-afd7-b3d4c31385ab,2020-03-14,Earth
b31295a2-4d23-4fbf-9f9c-d1d56f19179d,Heather Roberts,Engineer,7f984e49-e961-4251-b2ae-206c1d140aed,2019-06-28,Saturn
bf0f2680-c358-4c19-bfb2-8d3d69dbf891,Caitlin Wright,Miner,c7b78c91-be1e-4cec-8561-4d44be9fd106,2018-07-27,Venus
71e78456-0515-4d9c-b4a0-53decad09fc0,Jennifer Berry,Medic,59713812-d046-4edd-b29b-4461c98a6b9b,2016-12-19,Saturn
5d2ad52c-187b-42c2-9979-2e58089d958e,Rebecca Jones,Captain,2811a674-57ba-43db-847b-58889465c796,2016-06-07,Mars
9529a6be-03fb-4f9b-ba25-c63a84967df0,William Hernandez,Miner,19c0a97b-bb2f-4714-9463-6eade8f1e021,2024-03-28,Jupiter
3effc543-d3a3-4257-8394-2baa67662f26,Heidi Miller,Engineer,986d13e2-5f23-41cc-9c6f-fabe04fb973b,2016-02-02,Earth
665d5c8f-bcd7-4b08-9703-493d50cb3f66,Lisa Lee,Pilot,b45fb729-3c64-42f1-9827-bb99a2dd00cd,2019-09-11,Jupiter
4b99c9b6-3e12-483c-959e-d8df926dd756,Gloria Stuart,Engineer,0876e2fd-e4d1-4a1c-b3df-f092aaad18fe,2022-02-06,Jupiter
0588b849-181c-46d9-97c3-345e4a1bbe97,Michael Tapia,Engineer,afba11e1-0255-4738-a584-0943d2a1d2b0,2018-05-28,Venus
1b044315-6b18-468f-8aa3-ed8a6bbf42dc,Julie Tucker,Scientist,690e022e-47d5-4c00-a165-9b85b6da0ddc,2015-05-31,Saturn
5f895deb-0521-4d57-aff0-5f285055394c,Sharon Moore,Engineer,f314130b-e666-4a47-8e45-1470dd9b0e86,2016-03-12,Jupiter
e7800749-752a-4c7c-8c95-af9f878df993,Kevin Parker,Engineer,b45fb729-3c64-42f1-9827-bb99a2dd00cd,2024-01-30,Saturn
68b570d8-99b1-49dc-9013-2229ebb579e9,Lucas Wright,Engineer,aedf34f3-4087-4acf-87d6-38b7520f4ef3,2019-09-18,Saturn
e754714e-6cdd-4d28-b11b-dcbc38ae1b6e,Brian Andrews,Engineer,d6e70ad4-62f6-4844-a23f-d9cafd880fce,2016-03-15,Neptune
1db51a93-ed90-40bb-898e-60b77106961c,Deborah Jenkins,Captain,59713812-d046-4edd-b29b-4461c98a6b9b,2019-06-04,Neptune
2f91e7b1-7536-4d35-bb26-e5c32008c9f1,Christina Ellis,Medic,d1db2af8-5cf1-4ffc-829a-f624c1ecf6ce,2021-01-06,Saturn
4040acc8-c0c0-4362-aba0-29bb8b8f7236,Alice Clay,Scientist,685ed020-001e-4652-a864-e0cb81ad85fc,2014-07-20,Jupiter
f5f3363f-fa19-44d0-9a2e-017187665e91,Edwin Jones,Medic,4674582a-aa23-4d49-a783-b57989cf93b4,2022-06-01,Earth
39ac2ed0-56e1-4ded-89ec-ce9f36ce627b,James Nelson,Captain,bfc1a59d-cf2d-454b-b922-38836fabd82b,2022-04-04,Jupiter
29738c54-0b6f-406c-b905-bfd1e7ffaf47,Kathleen Frederick,Scientist,afba11e1-0255-4738-a584-0943d2a1d2b0,2020-05-29,Earth
9164caaf-68e3-42e3-ba81-f850f520e7f9,Karen Allen,Medic,a0f5464b-4e37-4b42-9fc1-a04258ba5e23,2021-06-16,Neptune
440de6d0-cd7d-4561-b5bb-237c1a8cc20c,Craig Singh,Engineer,5c4c93c7-7356-46cb-9866-53c88f88ebf6,2019-02-12,Jupiter
3ee73f55-723b-4f78-aefb-320157e7fd86,Lauren Lopez,Medic,f314130b-e666-4a47-8e45-1470dd9b0e86,2014-07-30,Jupiter
3e8e97ee-5bfb-4721-8bf5-fbc34d9ca8c5,Bethany Wagner MD,Miner,5c952538-afc0-44dc-95ac-440fd452d38e,2017-10-10,Saturn
9e15e4f4-29c9-4921-822d-9a109938a2f4,Katie Hayes,Miner,5a8a2442-bf4b-4eda-8f8b-f71902d54cc4,2014-12-03,Neptune
cfbb9211-817d-4b33-8709-8dc8a3e6d8e2,Dr. David Roy,Pilot,ff666944-b8ac-4e89-85d0-0772bd0f0640,2015-09-03,Neptune
127c6f63-5c25-4703-9a1c-774e26d2f88c,Crystal Jones,Pilot,2b11a136-eb2a-464a-8238-5bbc033fe790,2016-03-11,Mars
0cd20afd-af8b-45a7-b56a-74c89e89cf02,Christopher Saunders,Miner,f914e5f5-03a6-4fcf-ba87-19537da2c6b1,2015-02-03,Earth
4ce0dc63-09ec-42b2-943c-c495f45d82a0,Mary Whitaker,Medic,f53d4d2e-f5f7-4978-a20e-3a81c3d472c0,2017-02-20,Saturn
74b46ff1-fd92-4561-bb3f-b99a72c0f939,Michael Campbell,Medic,0b84f332-6c88-4209-931d-d77cff526caa,2024-02-19,Saturn
ee6439a1-2099-4469-b030-e2c26cf6a9cd,Christopher Smith MD,Engineer,f914e5f5-03a6-4fcf-ba87-19537da2c6b1,2023-04-01,Earth
faccd7a1-0925-4041-a265-3c821db5a5b0,Kimberly Watts MD,Scientist,0b84f332-6c88-4209-931d-d77cff526caa,2021-02-03,Neptune
d7e58f0c-ebb1-44d2-a27f-99982f36f7c6,Haley Franco,Miner,860c17bc-91df-41f9-850c-5292372e4f65,2023-07-23,Jupiter
f3f6a086-a670-4a3b-994a-8461a760137e,Nathaniel Hood,Miner,55ee3219-30fb-4ae9-a63e-fa195e806042,2024-06-18,Jupiter
81899d6e-b1d9-490f-8d93-41266d6e4e6b,Jessica Hartman,Scientist,756504a6-63da-412c-881d-afa852aef6a5,2019-12-04,Earth
71f84c3e-d7ee-4070-94e3-b13f7863ae64,Billy Adams,Medic,455765b4-c4c8-4143-82aa-6cd3b97dce2f,2021-05-28,Venus
13bd3bae-f874-4348-b70f-40363b305194,Joanna Oliver,Pilot,d62dca7e-da65-4d00-9705-a32d18eb49f9,2018-04-18,Mars
126998f4-54f7-4ab6-9178-b15e01d76c8a,Kayla Bailey,Engineer,455765b4-c4c8-4143-82aa-6cd3b97dce2f,2020-06-23,Jupiter
de13ce2c-0d26-4da8-82af-8f37c0b0fef3,Kayla Nelson,Engineer,a0a05e9f-a615-4450-a92b-d4c18b599afb,2016-11-16,Saturn
d7b0235e-1bbb-44cf-8cf5-4d2cead02464,John Sullivan,Medic,651aa0fa-ad0e-4499-9fa9-11f13d1032b5,2017-05-28,Jupiter
f3ccff63-c2de-46d9-9479-19d6ea0f1bbd,Joseph Phelps,Medic,6bef16ca-a922-493c-8bf4-26fcffbcc181,2017-10-24,Earth
9781bd7a-e3f1-4d72-8e7c-0576885f46cb,Daniel Hernandez,Captain,d6e70ad4-62f6-4844-a23f-d9cafd880fce,2022-10-27,Earth
79df31b7-3ccf-40fd-9aad-6b1689f1888a,Ashlee Lee,Scientist,ab8277fb-4e69-4f81-b075-e352eac59778,2015-02-17,Neptune
799ce30a-7c91-48f7-a23d-c974b85213bf,Kevin Fuller,Scientist,7260e046-1fb6-4471-930c-6c14db0b071d,2024-07-06,Venus
b6dccb10-2691-4b21-ac48-fa5bdd483e79,David Young,Pilot,2815dfce-a144-472e-bd12-59a475b755d6,2014-10-19,Mars
931257c1-05f1-4721-8a78-c535f8c292fb,Sonya Rogers,Engineer,ff666944-b8ac-4e89-85d0-0772bd0f0640,2020-02-29,Mars
62b3f165-9bab-41ac-a876-b3c740d287cb,Frances Adams,Engineer,a5dfb716-357b-4b8a-b033-3271ad7cc0bb,2020-05-21,Earth
3e344551-349a-4511-8990-86b44f9e0f19,Eric Saunders Jr.,Scientist,8a6ce387-362b-40ac-9b01-e03774adbf6d,2018-08-29,Saturn
017d03d4-cc9a-44a0-9faa-cf9da00f8126,Dylan Richard,Scientist,7dd49479-bbce-410b-b3fe-cf26398f5dd1,2021-01-07,Mars
94cb5e28-07f2-4060-994c-c4dc312f4fbf,Daniel Castillo,Captain,0876e2fd-e4d1-4a1c-b3df-f092aaad18fe,2024-02-14,Neptune
fdaa8eef-be25-4f18-a1e3-29b8bd09022f,Monica Wright,Pilot,1ac7576b-d129-4f05-8904-f5cbee7d3336,2019-10-15,Mars
37601182-638b-42f1-8416-67ce13112cb0,Amanda Heath,Miner,73b164da-bd71-4dc8-9c20-0a6eaa92eac1,2017-09-22,Venus
886baa0f-ac8f-49ee-9351-0f21872dee29,Mark Lopez,Engineer,afba11e1-0255-4738-a584-0943d2a1d2b0,2020-04-17,Mars
c6b32055-288d-4c45-81f1-3617bf3efac3,Julie Marshall,Pilot,8a6ce387-362b-40ac-9b01-e03774adbf6d,2022-03-28,Jupiter
497448bd-ae1e-4c35-8c3c-00bf64ab7330,Clifford Mercado,Pilot,74ea1673-e4be-49ca-82a4-5946296e7457,2022-03-20,Neptune
403833b1-bb94-462e-95e3-e7d9369873ab,Ryan Ayala,Engineer,a09a081c-d625-4ce4-a01a-997784fb2e73,2017-06-15,Mars
ff29e9cf-644a-448c-b835-faf22db682b6,Sherri Mullins,Medic,7f984e49-e961-4251-b2ae-206c1d140aed,2020-08-03,Venus
6a8bb619-360e-4cb2-ad8f-a3315dc83ceb,Jose Murphy,Miner,16d25fbb-850a-47c1-a52b-07cfc8b2cbae,2021-04-20,Earth
f65835f3-b8f4-4cf0-864f-bf5333a0a643,Scott White,Miner,f94a5efb-3467-4901-ab7d-b712a29e6bba,2018-08-29,Mars
46cf13e6-5359-4115-a5c8-2aebd5694f50,Christopher Cox,Miner,59713812-d046-4edd-b29b-4461c98a6b9b,2015-09-03,Earth
bad6a4c4-8fdd-47de-97d7-5b968ae6ad0b,Timothy Davis,Scientist,986d13e2-5f23-41cc-9c6f-fabe04fb973b,2020-10-18,Jupiter
241aba2a-95a0-41c4-9548-db986fc443cd,Stephanie Burke,Medic,c7b78c91-be1e-4cec-8561-4d44be9fd106,2016-01-03,Neptune
21ff760c-afd1-4d4a-8b46-c359ad1eb01e,Autumn Brown,Captain,690e022e-47d5-4c00-a165-9b85b6da0ddc,2024-02-25,Jupiter
ace6c996-354e-4715-909f-4c44df26d046,Kristen Brooks,Captain,f94a5efb-3467-4901-ab7d-b712a29e6bba,2015-07-12,Saturn
a9a1626e-d0eb-4216-b2a9-c849dc4f7fb5,Carrie Smith,Pilot,9c115fd8-356b-480d-af59-b9592ced2a46,2020-07-05,Jupiter
fcfe8bd9-5fde-4a61-b3cf-9416f68ea079,Mr. Glen Murphy,Miner,f513bc4b-1d1b-4ee3-b7cd-b0f6e83f05e2,2020-09-29,Jupiter
4f4c3d25-8dbc-4824-bc45-7c9b577dab88,David Green,Captain,64a72a41-c12e-4a4a-9aa0-9980a0747570,2017-05-07,Jupiter
580cabb3-88e4-4b95-8582-5b7f98c0ad1a,Jennifer Reed,Pilot,d6e70ad4-62f6-4844-a23f-d9cafd880fce,2021-10-22,Jupiter
2ce8e444-096a-41af-ba92-94d32560c882,Barbara Franco,Pilot,ab8277fb-4e69-4f81-b075-e352eac59778,2016-09-05,Venus
9d72888f-31be-4200-85a9-ca0521de7363,Stephanie Williams,Scientist,860c17bc-91df-41f9-850c-5292372e4f65,2021-08-20,Mars
035b63a7-05a0-4a03-a2f5-6aa855ba5449,Peter Barton,Pilot,a5dfb716-357b-4b8a-b033-3271ad7cc0bb,2022-01-15,Jupiter
b6324b18-91c9-4f8b-85db-0922b53442b9,Tricia Garcia,Captain,5a8a2442-bf4b-4eda-8f8b-f71902d54cc4,2020-06-22,Earth
c4cc8ada-46e9-4fa2-b30c-f9e6d920d1b2,Jason Leach,Scientist,685ed020-001e-4652-a864-e0cb81ad85fc,2024-06-13,Jupiter
675db944-aa56-4667-8eb2-43bd4ea5a14e,Michael Jones,Miner,7260e046-1fb6-4471-930c-6c14db0b071d,2023-04-03,Neptune
659d9f27-2ea4-4893-87e6-ade5468b04ae,Stephen Robertson,Miner,0d9de037-26fa-46a7-91c5-c2760c5d6b15,2020-01-02,Venus
cb1cb943-9002-4872-8489-95749567a34b,William Foster,Scientist,1ac7576b-d129-4f05-8904-f5cbee7d3336,2018-03-17,Jupiter
e91c2aa2-16ed-454c-891e-e9929fb99399,Hector Terrell,Captain,a6c55300-8974-4619-8e84-84a3508cd9df,2021-04-05,Jupiter
3fc716c9-04fc-4693-a029-da6190cadb3c,Christine Bray,Pilot,7fabe47e-1269-4cc7-a4fb-735890d5142d,2018-09-01,Venus
9469512b-bd21-4b69-877a-d9cbc7742937,Tina Moore,Captain,8903b120-3557-4821-8009-835f7354d59f,2017-09-14,Neptune
8dfa3d26-465a-4afc-8252-26fe8b708994,Tammy Green,Miner,5c952538-afc0-44dc-95ac-440fd452d38e,2024-03-29,Mars
e47faf72-9721-48ad-9fd0-0c1c5f517908,Chris Reid,Scientist,5a6c6ed1-2c4c-4eaf-bfc8-6f01f5e9469f,2015-03-01,Venus
a6924936-bc45-4f30-a8db-30032724d4d9,Nicholas King,Engineer,8fc62072-0bee-4bc3-8337-61b4da4f1f0a,2014-11-17,Saturn
5417c4a8-a6a7-4341-970b-5c3bf3086c8e,James Jones,Scientist,053dd898-eb93-4eac-9a73-af2a4a08e708,2015-06-21,Jupiter
f5c0fc78-ae8b-4755-9bf4-4b250ae77363,Thomas Massey,Captain,57a2f859-51d6-4f3d-9b3f-444eec72227d,2019-10-30,Jupiter
0da60eae-8923-4bf1-8835-72da9a5c9f61,James Maddox,Miner,a5cf57fc-a5b5-4476-beba-bbab8bb08368,2019-11-28,Saturn
b8a21854-e669-4e37-816d-178fbe718864,Mrs. Maria Mosley,Medic,1ac7576b-d129-4f05-8904-f5cbee7d3336,2022-09-04,Venus
c5d0b844-11c2-428d-844d-bf15b14f42f1,Joseph Jimenez,Miner,09bf9a93-8954-475a-a0c1-dc6f8237d2b8,2017-06-19,Saturn
89f77017-520e-42aa-98ef-d471a7469044,Jennifer Ross,Captain,756504a6-63da-412c-881d-afa852aef6a5,2021-11-02,Jupiter
89ad3779-78ef-463c-b487-9348a3e914b3,Jodi Whitaker,Medic,aed5e22b-1879-43a7-ba63-029245dfd253,2020-11-09,Neptune
